<?xml version="1.0" encoding="UTF-8"?>
<deploy
 date="2021.12.23.14:43:19"
 outputDirectory="I:/AC108/Programmes/c11_uart_rx/rtl/issp/">
 <perimeter>
  <parameter
     name="AUTO_GENERATION_ID"
     type="Integer"
     defaultValue="0"
     onHdl="0"
     affectsHdl="1" />
  <parameter
     name="AUTO_UNIQUE_ID"
     type="String"
     defaultValue=""
     onHdl="0"
     affectsHdl="1" />
  <parameter
     name="AUTO_DEVICE_FAMILY"
     type="String"
     defaultValue="Cyclone 10 LP"
     onHdl="0"
     affectsHdl="1" />
  <parameter
     name="AUTO_DEVICE"
     type="String"
     defaultValue="10CL025YU256C8G"
     onHdl="0"
     affectsHdl="1" />
  <parameter
     name="AUTO_DEVICE_SPEEDGRADE"
     type="String"
     defaultValue="8"
     onHdl="0"
     affectsHdl="1" />
  <interface name="probes" kind="conduit" start="0">
   <property name="associatedClock" value="" />
   <property name="associatedReset" value="" />
   <port name="probe" direction="input" role="probe" width="8" />
  </interface>
 </perimeter>
 <entity
   path=""
   parameterizationKey="issp:1.0:AUTO_DEVICE=10CL025YU256C8G,AUTO_DEVICE_FAMILY=Cyclone 10 LP,AUTO_DEVICE_SPEEDGRADE=8,AUTO_GENERATION_ID=1640241798,AUTO_UNIQUE_ID=(altera_in_system_sources_probes:18.1:create_source_clock=false,create_source_clock_enable=false,device_family=Cyclone 10 LP,enable_metastability=NO,gui_use_auto_index=true,instance_id=NONE,probe_width=8,sld_auto_instance_index=YES,sld_instance_index=0,source_initial_value=0,source_width=0)"
   instancePathKey="issp"
   kind="issp"
   version="1.0"
   name="issp">
  <parameter name="AUTO_GENERATION_ID" value="1640241798" />
  <parameter name="AUTO_DEVICE" value="10CL025YU256C8G" />
  <parameter name="AUTO_DEVICE_FAMILY" value="Cyclone 10 LP" />
  <parameter name="AUTO_UNIQUE_ID" value="" />
  <parameter name="AUTO_DEVICE_SPEEDGRADE" value="8" />
  <generatedFiles>
   <file
       path="I:/AC108/Programmes/c11_uart_rx/rtl/issp/synthesis/issp.v"
       type="VERILOG" />
  </generatedFiles>
  <childGeneratedFiles>
   <file
       path="I:/AC108/Programmes/c11_uart_rx/rtl/issp/synthesis/submodules/altsource_probe_top.v"
       type="VERILOG"
       attributes="" />
  </childGeneratedFiles>
  <sourceFiles>
   <file path="I:/AC108/Programmes/c11_uart_rx/rtl/issp.qsys" />
  </sourceFiles>
  <childSourceFiles>
   <file
       path="D:/intelfpga/18.1/ip/altera/sld/jtag/altera_in_system_sources_probes/altera_in_system_sources_probes_hw.tcl" />
  </childSourceFiles>
  <messages>
   <message level="Debug" culprit="issp">queue size: 0 starting:issp "issp"</message>
   <message level="Progress" culprit="min"></message>
   <message level="Progress" culprit="max"></message>
   <message level="Progress" culprit="current"></message>
   <message level="Debug">Transform: CustomInstructionTransform</message>
   <message level="Debug">No custom instruction connections, skipping transform </message>
   <message level="Debug" culprit="merlin_custom_instruction_transform"><![CDATA[After transform: <b>1</b> modules, <b>0</b> connections]]></message>
   <message level="Debug">Transform: MMTransform</message>
   <message level="Debug">Transform: InterruptMapperTransform</message>
   <message level="Debug">Transform: InterruptSyncTransform</message>
   <message level="Debug">Transform: InterruptFanoutTransform</message>
   <message level="Debug">Transform: AvalonStreamingTransform</message>
   <message level="Debug">Transform: ResetAdaptation</message>
   <message level="Debug" culprit="issp"><![CDATA["<b>issp</b>" reuses <b>altera_in_system_sources_probes</b> "<b>submodules/altsource_probe_top</b>"]]></message>
   <message level="Debug" culprit="issp">queue size: 0 starting:altera_in_system_sources_probes "submodules/altsource_probe_top"</message>
   <message level="Info" culprit="in_system_sources_probes_0"><![CDATA["<b>issp</b>" instantiated <b>altera_in_system_sources_probes</b> "<b>in_system_sources_probes_0</b>"]]></message>
  </messages>
 </entity>
 <entity
   path="submodules/"
   parameterizationKey="altera_in_system_sources_probes:18.1:create_source_clock=false,create_source_clock_enable=false,device_family=Cyclone 10 LP,enable_metastability=NO,gui_use_auto_index=true,instance_id=NONE,probe_width=8,sld_auto_instance_index=YES,sld_instance_index=0,source_initial_value=0,source_width=0"
   instancePathKey="issp:.:in_system_sources_probes_0"
   kind="altera_in_system_sources_probes"
   version="18.1"
   name="altsource_probe_top">
  <parameter name="create_source_clock" value="false" />
  <parameter name="instance_id" value="NONE" />
  <parameter name="source_initial_value" value="0" />
  <parameter name="sld_auto_instance_index" value="YES" />
  <parameter name="sld_instance_index" value="0" />
  <parameter name="probe_width" value="8" />
  <parameter name="source_width" value="0" />
  <parameter name="create_source_clock_enable" value="false" />
  <parameter name="device_family" value="Cyclone 10 LP" />
  <parameter name="enable_metastability" value="NO" />
  <parameter name="gui_use_auto_index" value="true" />
  <generatedFiles>
   <file
       path="I:/AC108/Programmes/c11_uart_rx/rtl/issp/synthesis/submodules/altsource_probe_top.v"
       type="VERILOG"
       attributes="" />
  </generatedFiles>
  <childGeneratedFiles/>
  <sourceFiles>
   <file
       path="D:/intelfpga/18.1/ip/altera/sld/jtag/altera_in_system_sources_probes/altera_in_system_sources_probes_hw.tcl" />
  </sourceFiles>
  <childSourceFiles/>
  <instantiator instantiator="issp" as="in_system_sources_probes_0" />
  <messages>
   <message level="Debug" culprit="issp">queue size: 0 starting:altera_in_system_sources_probes "submodules/altsource_probe_top"</message>
   <message level="Info" culprit="in_system_sources_probes_0"><![CDATA["<b>issp</b>" instantiated <b>altera_in_system_sources_probes</b> "<b>in_system_sources_probes_0</b>"]]></message>
  </messages>
 </entity>
</deploy>
